Z,q,Binding Energy (eV)
1,0,13.598434599702
2,0,79.005154539
2,+1,54.4177655282
3,0,203.4861711
3,+1,198.0944562
3,+2,122.45435913
4,0,399.14864
4,+1,389.82595
4,+2,371.614789
4,+3,217.71858459
5,0,670.98383
5,+1,662.68582
5,+2,637.53099
5,+3,599.600401
5,+4,340.2260225
6,0,1030.1085
6,+1,1018.8482
6,+2,994.4651
6,+3,946.57727
6,+4,882.08376
6,+5,489.99320779
7,0,1486.058
7,+1,1471.524
7,+2,1441.9225
7,+3,1394.4772
7,+4,1317.0037
7,+5,1219.11355
7,+6,667.0461377
8,0,2043.8429
8,+1,2030.2249
8,+2,1995.1038
8,+3,1940.1682
8,+4,1862.7547
8,+5,1748.8558
8,+6,1610.73688
8,+7,871.4099138
9,0,2715.891
9,+1,2698.468
9,+2,2663.497
9,+3,2600.789
9,+4,2513.615
9,+5,2399.3658
9,+6,2242.2027
9,+7,2057.0158
9,+8,1103.1175302
10,0,3511.696
10,+1,3490.132
10,+2,3449.168
10,+3,3385.746
10,+4,3288.556
10,+5,3162.309
10,+6,3004.375
10,+7,2797.1045
10,+8,2558.0075
10,+9,1362.199256
11,0,4419.96
11,+1,4414.83
11,+2,4367.54
11,+3,4295.92
11,+4,4196.99
11,+5,4058.59
11,+6,3886.36
11,+7,3677.849
11,+8,3413.657
11,+9,3113.8014
11,+10,1648.702285
12,0,5451.06
12,+1,5443.41
12,+2,5428.39
12,+3,5348.24
12,+4,5238.98
12,+5,5097.64
12,+6,4910.88
12,+7,4685.87
12,+8,4419.94
12,+9,4091.958
12,+10,3724.4688
12,+11,1962.663889
13,0,6604.95
13,+1,6598.96
13,+2,6580.13
13,+3,6551.68
13,+4,6431.69
13,+5,6277.87
13,+6,6087.38
13,+7,5845.62
13,+8,5560.98
13,+9,5230.77
13,+10,4832.122
13,+11,4390.11729
13,+12,2304.140359
14,0,7888.53
14,+1,7880.39
14,+2,7864.03
14,+3,7830.54
14,+4,7785.40
14,+5,7618.63
14,+6,7413.35
14,+7,7166.78
14,+8,6863.19
14,+9,6511.91
14,+10,6110.524
14,+11,5634.251
14,+12,5110.83601
14,+13,2673.177958
15,0,9305.8
15,+1,9295.3
15,+2,9275.5
15,+3,9245.4
15,+4,9193.9
15,+5,9128.8
15,+6,8908.4
15,+7,8644.9
15,+8,8335.2
15,+9,7962.95
15,+10,7538.55
15,+11,7059.11
15,+12,6498.492
15,+13,5886.75082
15,+14,3069.842145
16,0,10859.7
16,+1,10849.2
16,+2,10825.9
16,+3,10791.1
16,+4,10743.9
16,+5,10671.3
16,+6,10583.2
16,+7,10302.2
16,+8,9973.4
16,+9,9593.6
16,+10,9145.9
16,+11,8641.33
16,+12,8076.93
16,+13,7424.962
16,+14,6717.96908
16,+15,3494.188518
17,0,12556.4
17,+1,12543.5
17,+2,12519.6
17,+3,12479.8
17,+4,12426.6
17,+5,12358.9
17,+6,12261.9
17,+7,12147.7
17,+8,11799.5
17,+9,11398.6
17,+10,10941.9
17,+11,10411.9
17,+12,9820.4
17,+13,9164.06
17,+14,8413.833
17,+15,7604.63544
17,+16,3946.29179
18,0,14400.8
18,+1,14385.0
18,+2,14357.4
18,+3,14316.7
18,+4,14257.1
18,+5,14182.2
18,+6,14090.9
18,+7,13966.6
18,+8,13823.1
18,+9,13400.5
18,+10,12920.8
18,+11,12380.3
18,+12,11761.4
18,+13,11075.9
18,+14,10320.7
18,+15,9465.264
18,+16,8546.88966
18,+17,4426.22407
19,0,16382
19,+1,16378
19,+2,16346
19,+3,16300
19,+4,16239
19,+5,16156
19,+6,16057
19,+7,15939
19,+8,15786
19,+9,15610
19,+10,15106
19,+11,14540.0
19,+12,13908.9
19,+13,13194.3
19,+14,12408.0
19,+15,11547.0
19,+16,10579.398
19,+17,9544.85694
19,+18,4934.04979
20,0,18510
20,+1,18505
20,+2,18492
20,+3,18441
20,+4,18374
20,+5,18290
20,+6,18181
20,+7,18053
20,+8,17907
20,+9,17717
20,+10,17507
20,+11,16915
20,+12,16257
20,+13,15528.2
20,+14,14711.0
20,+15,13817.0
20,+16,12843.3
20,+17,11756.447
20,+18,10598.7212
20,+19,5469.86358
21,0,20788
21,+1,20781
21,+2,20769
21,+3,20744
21,+4,20671
21,+5,20578
21,+6,20467
21,+7,20330
21,+8,20171
21,+9,19991
21,+10,19767
21,+11,19516
21,+12,18829
21,+13,18072
21,+14,17238.3
21,+15,16311.7
21,+16,15303.1
21,+17,14209.7
21,+18,12996.616
21,+19,11708.6600
21,+20,6033.75643
22,0,23221
22,+1,23215
22,+2,23201
22,+3,23174
22,+4,23130
22,+5,23031
22,+6,22911
22,+7,22771
22,+8,22600
22,+9,22408
22,+10,22192
22,+11,21927
22,+12,21635
22,+13,20848
22,+14,19984
22,+15,19039.5
22,+16,17996.9
22,+17,16866.7
22,+18,15646.4
22,+19,14300.089
22,+20,12874.8328
22,+21,6625.81023
23,0,25820
23,+1,25812
23,+2,25797
23,+3,25769
23,+4,25722
23,+5,25656
23,+6,25528
23,+7,25378
23,+8,25205
23,+9,24998
23,+10,24768
23,+11,24513
23,+12,24204
23,+13,23868
23,+14,22972
23,+15,21995
23,+16,20932
23,+17,19766.8
23,+18,18508.0
23,+19,17153.7
23,+20,15667.093
23,+21,14097.4374
23,+22,7246.12624
24,0,28582
24,+1,28576
24,+2,28559
24,+3,28528
24,+4,28479
24,+5,28410
24,+6,28319
24,+7,28158
24,+8,27973
24,+9,27764
24,+10,27520
24,+11,27249
24,+12,26952
24,+13,26597
24,+14,26213
24,+15,25201
24,+16,24104
24,+17,22916
24,+18,21621.6
24,+19,20227.0
24,+20,18731.9
24,+21,17097.849
24,+22,15376.6654
24,+23,7894.80289
25,0,31514
25,+1,31507
25,+2,31491
25,+3,31457
25,+4,31406
25,+5,31333
25,+6,31238
25,+7,31119
25,+8,30923
25,+9,30702
25,+10,30453
25,+11,30167
25,+12,29853
25,+13,29509
25,+14,29107
25,+15,28671
25,+16,27537
25,+17,26313
25,+18,24993
25,+19,23561.7
25,+20,22024.6
25,+21,20381.3
25,+22,18592.613
25,+23,16712.7408
25,+24,8571.95438
26,0,34619
26,+1,34611
26,+2,34595
26,+3,34564
26,+4,34510
26,+5,34434
26,+6,34335
26,+7,34210
26,+8,34060
26,+9,33825
26,+10,33564
26,+11,33272
26,+12,32941
26,+13,32581
26,+14,32189
26,+15,31733
26,+16,31243
26,+17,29981
26,+18,28623
26,+19,27164
26,+20,25588
26,+21,23901
26,+22,22102.0
26,+23,20151.634
26,+24,18105.8751
26,+25,9277.6886
27,0,37899
27,+1,37892
27,+2,37875
27,+3,37841
27,+4,37790
27,+5,37710
27,+6,37608
27,+7,37479
27,+8,37322
27,+9,37136
27,+10,36861
27,+11,36554
27,+12,36218
27,+13,35840
27,+14,35430
27,+15,34990
27,+16,34478
27,+17,33931
27,+18,32533
27,+19,31028
27,+20,29423
27,+21,27699
27,+22,25855
27,+23,23894.6
27,+24,21775.187
27,+25,19556.3113
27,+26,10012.1297
28,0,41355
28,+1,41347
28,+2,41330
28,+3,41294
28,+4,41240
28,+5,41164
28,+6,41056
28,+7,40923
28,+8,40761
28,+9,40569
28,+10,40343
28,+11,40025
28,+12,39672
28,+13,39288
28,+14,38859
28,+15,38395
28,+16,37901
28,+17,37329
28,+18,36723
28,+19,35182
28,+20,33536
28,+21,31778
28,+22,29898
28,+23,27890
28,+24,25759.2
28,+25,23463.538
28,+26,21064.2795
28,+27,10775.3948
29,0,45000
29,+1,45000
29,+2,44980
29,+3,44940
29,+4,44880
29,+5,44800
29,+6,44700
29,+7,44560
29,+8,44390
29,+9,44190
29,+10,43960
29,+11,43700
29,+12,43330
29,+13,42930
29,+14,42493
29,+15,42010
29,+16,41491
29,+17,40938
29,+18,40306
29,+19,39635
29,+20,37945
29,+21,36145
29,+22,34227
29,+23,32183
29,+24,30003
29,+25,27696.1
29,+26,25217.008
29,+27,22630.0546
29,+28,11567.6237
30,0,48840
30,+1,48830
30,+2,48810
30,+3,48770
30,+4,48710
30,+5,48630
30,+6,48520
30,+7,48390
30,+8,48220
30,+9,48010
30,+10,47770
30,+11,47500
30,+12,47190
30,+13,46770
30,+14,46320
30,+15,45830
30,+16,45290
30,+17,44710
30,+18,44097
30,+19,43399
30,+20,42662
30,+21,40816
30,+22,38854
30,+23,36769
30,+24,34556
30,+25,32197
30,+26,29705.7
30,+27,27035.879
30,+28,24253.8829
30,+29,12388.9427
31,0,52870
31,+1,52850
31,+2,52830
31,+3,52800
31,+4,52740
31,+5,52660
31,+6,52540
31,+7,52410
31,+8,52230
31,+9,52020
31,+10,51780
31,+11,51500
31,+12,51180
31,+13,50820
31,+14,50350
31,+15,49840
31,+16,49300
31,+17,48690
31,+18,48060
31,+19,47370
31,+20,46610
31,+21,45800
31,+22,43790
31,+23,41660
31,+24,39407
31,+25,37015
31,+26,34471
31,+27,31789
31,+28,28920.487
31,+29,25936.0609
31,+30,13239.5029
32,0,57080
32,+1,57070
32,+2,57060
32,+3,57020
32,+4,56970
32,+5,56880
32,+6,56770
32,+7,56620
32,+8,56450
32,+9,56230
32,+10,55980
32,+11,55690
32,+12,55370
32,+13,55000
32,+14,54590
32,+15,54070
32,+16,53500
32,+17,52890
32,+18,52220
32,+19,51520
32,+20,50770
32,+21,49940
32,+22,49060
32,+23,46880
32,+24,44570
32,+25,42140
32,+26,39563
32,+27,36827
32,+28,33945
32,+29,30871.160
32,+30,27676.8675
32,+31,14119.4457
33,0,61470
33,+1,61460
33,+2,61450
33,+3,61410
33,+4,61360
33,+5,61300
33,+6,61170
33,+7,61040
33,+8,60850
33,+9,60640
33,+10,60390
33,+11,60100
33,+12,59760
33,+13,59390
33,+14,58970
33,+15,58510
33,+16,57930
33,+17,57290
33,+18,56620
33,+19,55890
33,+20,55120
33,+21,54310
33,+22,53390
33,+23,52430
33,+24,50080
33,+25,47600
33,+26,44970
33,+27,42201
33,+28,39263
33,+29,36175
33,+30,32888.248
33,+31,29476.605
33,+32,15028.9251
34,0,66070
34,+1,66060
34,+2,66030
34,+3,66010
34,+4,65960
34,+5,65900
34,+6,65810
34,+7,65660
34,+8,65480
34,+9,65250
34,+10,64990
34,+11,64710
34,+12,64360
34,+13,63980
34,+14,63550
34,+15,63080
34,+16,62560
34,+17,61920
34,+18,61220
34,+19,60480
34,+20,59690
34,+21,58840
34,+22,57950
34,+23,56960
34,+24,55930
34,+25,53390
34,+26,50710
34,+27,47900
34,+28,44927
34,+29,41781
34,+30,38480
34,+31,34972.127
34,+32,31335.601
34,+33,15968.1075
35,0,70870
35,+1,70860
35,+2,70830
35,+3,70790
35,+4,70750
35,+5,70680
35,+6,70600
35,+7,70500
35,+8,70310
35,+9,70080
35,+10,69820
35,+11,69520
35,+12,69180
35,+13,68790
35,+14,68350
35,+15,67870
35,+16,67340
35,+17,66770
35,+18,66050
35,+19,65290
35,+20,64470
35,+21,63600
35,+22,62690
35,+23,61720
35,+24,60650
35,+25,59540
35,+26,56800
35,+27,53930
35,+28,50910
35,+29,47743
35,+30,44381
35,+31,40859
35,+32,37123.150
35,+33,33254.164
35,+34,16937.1497
36,0,75870
36,+1,75850
36,+2,75830
36,+3,75790
36,+4,75740
36,+5,75680
36,+6,75590
36,+7,75490
36,+8,75370
36,+9,75130
36,+10,74860
36,+11,74550
36,+12,74200
36,+13,73820
36,+14,73370
36,+15,72880
36,+16,72330
36,+17,71750
36,+18,71100
36,+19,70320
36,+20,69490
36,+21,68600
36,+22,67660
36,+23,66670
36,+24,65620
36,+25,64460
36,+26,63260
36,+27,60330
36,+28,57260
36,+29,54030
36,+30,50649
36,+31,47064
36,+32,43313
36,+33,39341.747
36,+34,35232.664
36,+35,17936.2405
37,0,81050
37,+1,81050
37,+2,81010
37,+3,80970
37,+4,80920
37,+5,80860
37,+6,80780
37,+7,80680
37,+8,80540
37,+9,80390
37,+10,80120
37,+11,79800
37,+12,79450
37,+13,79050
37,+14,78610
37,+15,78100
37,+16,77550
37,+17,76940
37,+18,76300
37,+19,75590
37,+20,74740
37,+21,73830
37,+22,72870
37,+23,71850
37,+24,70770
37,+25,69640
37,+26,68400
37,+27,67100
37,+28,63960
37,+29,60690
37,+30,57240
37,+31,53645
37,+32,49830
37,+33,45842
37,+34,41628.300
37,+35,37271.435
37,+36,18965.5484
38,0,86440
38,+1,86430
38,+2,86420
38,+3,86380
38,+4,86320
38,+5,86260
38,+6,86160
38,+7,86060
38,+8,85930
38,+9,85780
38,+10,85600
38,+11,85280
38,+12,84920
38,+13,84510
38,+14,84050
38,+15,83550
38,+16,83000
38,+17,82380
38,+18,81720
38,+19,81000
38,+20,80220
38,+21,79290
38,+22,78310
38,+23,77270
38,+24,76160
38,+25,75000
38,+26,73780
38,+27,72460
38,+28,71070
38,+29,67720
38,+30,64220
38,+31,60550
38,+32,56734
38,+33,52681
38,+34,48448
38,+35,43983.254
38,+36,39370.857
38,+37,20025.2673
39,0,92030
39,+1,92020
39,+2,92010
39,+3,91980
39,+4,91930
39,+5,91850
39,+6,91760
39,+7,91650
39,+8,91530
39,+9,91380
39,+10,91190
39,+11,90990
39,+12,90610
39,+13,90200
39,+14,89740
39,+15,89220
39,+16,88660
39,+17,88040
39,+18,87360
39,+19,86630
39,+20,85850
39,+21,84990
39,+22,83990
39,+23,82920
39,+24,81800
39,+25,80610
39,+26,79360
39,+27,78060
39,+28,76630
39,+29,75150
39,+30,71590
39,+31,67870
39,+32,63980
39,+33,59915
39,+34,55616
39,+35,51131
39,+36,46407.038
39,+37,41531.307
39,+38,21115.588
40,0,97820
40,+1,97810
40,+2,97800
40,+3,97790
40,+4,97750
40,+5,97660
40,+6,97580
40,+7,97450
40,+8,97330
40,+9,97170
40,+10,96990
40,+11,96780
40,+12,96550
40,+13,96120
40,+14,95650
40,+15,95130
40,+16,94560
40,+17,93940
40,+18,93250
40,+19,92500
40,+20,91700
40,+21,90830
40,+22,89910
40,+23,88820
40,+24,87680
40,+25,86470
40,+26,85190
40,+27,83850
40,+28,82460
40,+29,80940
40,+30,79350
40,+31,75570
40,+32,71610
40,+33,67480
40,+34,63187
40,+35,58635
40,+36,53891
40,+37,48900.118
40,+38,43753.183
40,+39,22236.712
41,0,103840
41,+1,103820
41,+2,103810
41,+3,103790
41,+4,103750
41,+5,103700
41,+6,103600
41,+7,103480
41,+8,103340
41,+9,103180
41,+10,103010
41,+11,102810
41,+12,102560
41,+13,102290
41,+14,101800
41,+15,101270
41,+16,100700
41,+17,100060
41,+18,99370
41,+19,98620
41,+20,97800
41,+21,96920
41,+22,95980
41,+23,94980
41,+24,93810
41,+25,92580
41,+26,91280
41,+27,89910
41,+28,88480
41,+29,86990
41,+30,85360
41,+31,83680
41,+32,79660
41,+33,75470
41,+34,71090
41,+35,66555
41,+36,61739
41,+37,56728
41,+38,51462.962
41,+39,46036.896
41,+40,23388.850
42,0,110060
42,+1,110060
42,+2,110040
42,+3,110010
42,+4,109970
42,+5,109910
42,+6,109850
42,+7,109730
42,+8,109580
42,+9,109420
42,+10,109230
42,+11,109020
42,+12,108800
42,+13,108510
42,+14,108210
42,+15,107670
42,+16,107070
42,+17,106430
42,+18,105720
42,+19,104970
42,+20,104130
42,+21,103250
42,+22,102300
42,+23,101270
42,+24,100190
42,+25,98930
42,+26,97610
42,+27,96220
42,+28,94760
42,+29,93220
42,+30,91640
42,+31,89910
42,+32,88120
42,+33,83860
42,+34,79420
42,+35,74810
42,+36,70015
42,+37,64931
42,+38,59644
42,+39,54096.060
42,+40,48382.866
42,+41,24572.213
43,0,116480
43,+1,116480
43,+2,116460
43,+3,116430
43,+4,116400
43,+5,116330
43,+6,116260
43,+7,116170
43,+8,116020
43,+9,115860
43,+10,115660
43,+11,115450
43,+12,115220
43,+13,114960
43,+14,114640
43,+15,114300
43,+16,113690
43,+17,113050
43,+18,112330
43,+19,111560
43,+20,110730
43,+21,109830
43,+22,108860
43,+23,107830
43,+24,106730
43,+25,105560
43,+26,104210
43,+27,102800
43,+28,101310
43,+29,99760
43,+30,98110
43,+31,96420
43,+32,94590
43,+33,92690
43,+34,88180
43,+35,83500
43,+36,78630
43,+37,73570
43,+38,68209
43,+39,62638
43,+40,56799.97
43,+41,50791.578
43,+42,25787.047
44,0,123140
44,+1,123140
44,+2,123130
44,+3,123090
44,+4,123050
44,+5,122990
44,+6,122920
44,+7,122820
44,+8,122710
44,+9,122530
44,+10,122340
44,+11,122110
44,+12,121860
44,+13,121600
44,+14,121310
44,+15,120960
44,+16,120570
44,+17,119910
44,+18,119190
44,+19,118400
44,+20,117560
44,+21,116660
44,+22,115660
44,+23,114620
44,+24,113510
44,+25,112320
44,+26,111070
44,+27,109630
44,+28,108110
44,+29,106540
44,+30,104880
44,+31,103130
44,+32,101340
44,+33,99390
44,+34,97380
44,+35,92620
44,+36,87680
44,+37,82550
44,+38,77220
44,+39,71574
44,+40,65712
44,+41,59575.172
44,+42,53263.452
44,+43,27033.564
45,0,130030
45,+1,130020
45,+2,130010
45,+3,129970
45,+4,129940
45,+5,129870
45,+6,129790
45,+7,129700
45,+8,129580
45,+9,129440
45,+10,129240
45,+11,129010
45,+12,128760
45,+13,128480
45,+14,128170
45,+15,127840
45,+16,127460
45,+17,127030
45,+18,126300
45,+19,125510
45,+20,124640
45,+21,123720
45,+22,122740
45,+23,121680
45,+24,120550
45,+25,119350
45,+26,118070
45,+27,116730
45,+28,115180
45,+29,113580
45,+30,111910
45,+31,110140
45,+32,108290
45,+33,106390
45,+34,104320
45,+35,102190
45,+36,97180
45,+37,91970
45,+38,86570
45,+39,80967
45,+40,75027
45,+41,68866
45,+42,62422.272
45,+43,55799.010
45,+44,28312.031
46,0,137140
46,+1,137130
46,+2,137110
46,+3,137080
46,+4,137040
46,+5,136980
46,+6,136890
46,+7,136790
46,+8,136670
46,+9,136530
46,+10,136370
46,+11,136120
46,+12,135870
46,+13,135580
46,+14,135270
46,+15,134930
46,+16,134560
46,+17,134140
46,+18,133680
46,+19,132860
46,+20,131990
46,+21,131060
46,+22,130060
46,+23,128990
46,+24,127850
46,+25,126640
46,+26,125350
46,+27,123980
46,+28,122550
46,+29,120900
46,+30,119190
46,+31,117410
46,+32,115540
46,+33,113580
46,+34,111560
46,+35,109380
46,+36,107130
46,+37,101850
46,+38,96370
46,+39,90690
46,+40,84811
46,+41,78569
46,+42,72101
46,+43,65341.81
46,+44,58398.710
46,+45,29622.678
47,0,144480
47,+1,144480
47,+2,144450
47,+3,144420
47,+4,144370
47,+5,144310
47,+6,144220
47,+7,144120
47,+8,144000
47,+9,143850
47,+10,143670
47,+11,143490
47,+12,143210
47,+13,142930
47,+14,142610
47,+15,142260
47,+16,141880
47,+17,141470
47,+18,140990
47,+19,140500
47,+20,139610
47,+21,138660
47,+22,137650
47,+23,136570
47,+24,135430
47,+25,134190
47,+26,132890
47,+27,131500
47,+28,130050
47,+29,128510
47,+30,126760
47,+31,124950
47,+32,123070
47,+33,121080
47,+34,119000
47,+35,116880
47,+36,114570
47,+37,112210
47,+38,106640
47,+39,100890
47,+40,94920
47,+41,88753
47,+42,82202
47,+43,75417
47,+44,68334.39
47,+45,61063.094
47,+46,30965.780
48,0,152050
48,+1,152040
48,+2,152030
48,+3,151990
48,+4,151940
48,+5,151870
48,+6,151780
48,+7,151680
48,+8,151550
48,+9,151400
48,+10,151220
48,+11,151030
48,+12,150810
48,+13,150500
48,+14,150180
48,+15,149820
48,+16,149440
48,+17,149020
48,+18,148560
48,+19,148050
48,+20,147500
48,+21,146540
48,+22,145510
48,+23,144420
48,+24,143250
48,+25,142010
48,+26,140700
48,+27,139300
48,+28,137820
48,+29,136260
48,+30,134620
48,+31,132770
48,+32,130850
48,+33,128860
48,+34,126760
48,+35,124570
48,+36,122320
48,+37,119890
48,+38,117390
48,+39,111550
48,+40,105510
48,+41,99260
48,+42,92792
48,+43,85924
48,+44,78814
48,+45,71400.60
48,+46,63792.657
48,+47,32341.587
49,0,159850
49,+1,159840
49,+2,159830
49,+3,159800
49,+4,159740
49,+5,159680
49,+6,159580
49,+7,159470
49,+8,159340
49,+9,159180
49,+10,159010
49,+11,158810
49,+12,158590
49,+13,158340
49,+14,157990
49,+15,157620
49,+16,157220
49,+17,156800
49,+18,156340
49,+19,155850
49,+20,155290
49,+21,154700
49,+22,153650
49,+23,152540
49,+24,151360
49,+25,150110
49,+26,148780
49,+27,147370
49,+28,145870
49,+29,144290
49,+30,142630
49,+31,140900
49,+32,138940
49,+33,136900
49,+34,134800
49,+35,132590
49,+36,130270
49,+37,127900
49,+38,125340
49,+39,122710
49,+40,116580
49,+41,110260
49,+42,103700
49,+43,96933
49,+44,89737
49,+45,82296
49,+46,74541.14
49,+47,66587.998
49,+48,33750.404
50,0,167890
50,+1,167890
50,+2,167860
50,+3,167840
50,+4,167800
50,+5,167710
50,+6,167630
50,+7,167520
50,+8,167380
50,+9,167220
50,+10,167030
50,+11,166830
50,+12,166600
50,+13,166340
50,+14,166050
50,+15,165680
50,+16,165270
50,+17,164840
50,+18,164370
50,+19,163860
50,+20,163320
50,+21,162720
50,+22,162070
50,+23,160940
50,+24,159750
50,+25,158490
50,+26,157140
50,+27,155710
50,+28,154210
50,+29,152610
50,+30,150940
50,+31,149180
50,+32,147330
50,+33,145260
50,+34,143110
50,+35,140880
50,+36,138560
50,+37,136120
50,+38,133620
50,+39,130930
50,+40,128160
50,+41,121750
50,+42,115120
50,+43,108260
50,+44,101181
50,+45,93650
50,+46,85860
50,+47,77756.60
50,+48,69449.648
50,+49,35192.501
51,0,176140
51,+1,176130
51,+2,176120
51,+3,176090
51,+4,176050
51,+5,176000
51,+6,175900
51,+7,175780
51,+8,175640
51,+9,175470
51,+10,175290
51,+11,175080
51,+12,174840
51,+13,174570
51,+14,174280
51,+15,173960
51,+16,173540
51,+17,173090
51,+18,172620
51,+19,172110
51,+20,171560
51,+21,170970
51,+22,170320
51,+23,169620
51,+24,168410
51,+25,167130
51,+26,165770
51,+27,164330
51,+28,162800
51,+29,161200
51,+30,159510
51,+31,157720
51,+32,155850
51,+33,153900
51,+34,151710
51,+35,149440
51,+36,147090
51,+37,144660
51,+38,142100
51,+39,139450
51,+40,136630
51,+41,133730
51,+42,127016
51,+43,120086
51,+44,112920
51,+45,105529
51,+46,97643
51,+47,89503
51,+48,81047.70
51,+49,72378.21
51,+50,36668.183
52,0,184650
52,+1,184640
52,+2,184620
52,+3,184600
52,+4,184560
52,+5,184500
52,+6,184430
52,+7,184300
52,+8,184170
52,+9,183990
52,+10,183810
52,+11,183600
52,+12,183350
52,+13,183080
52,+14,182780
52,+15,182440
52,+16,182100
52,+17,181640
52,+18,181140
52,+19,180620
52,+20,180060
52,+21,179470
52,+22,178830
52,+23,178130
52,+24,177370
52,+25,176070
52,+26,174690
52,+27,173240
52,+28,171710
52,+29,170080
52,+30,168380
52,+31,166570
52,+32,164690
52,+33,162700
52,+34,160650
52,+35,158330
52,+36,155950
52,+37,153480
52,+38,150930
52,+39,148220
52,+40,145430
52,+41,142480
52,+42,139440
52,+43,132418
52,+44,125174
52,+45,117690
52,+46,109975
52,+47,101735
52,+48,93236
52,+49,84415.09
52,+50,75374.26
52,+51,38177.740
53,0,193400
53,+1,193390
53,+2,193380
53,+3,193340
53,+4,193300
53,+5,193250
53,+6,193180
53,+7,193090
53,+8,192930
53,+9,192770
53,+10,192570
53,+11,192350
53,+12,192100
53,+13,191830
53,+14,191520
53,+15,191180
53,+16,190810
53,+17,190430
53,+18,189920
53,+19,189390
53,+20,188820
53,+21,188210
53,+22,187560
53,+23,186880
53,+24,186130
53,+25,185320
53,+26,183920
53,+27,182460
53,+28,180890
53,+29,179260
53,+30,177530
53,+31,175720
53,+32,173810
53,+33,171820
53,+34,169720
53,+35,167540
53,+36,165110
53,+37,162610
53,+38,160000
53,+39,157320
53,+40,154480
53,+41,151560
53,+42,148460
53,+43,145280
53,+44,137941
53,+45,130378
53,+46,122567
53,+47,114524
53,+48,105922
53,+49,97056
53,+50,87859.64
53,+51,78438.55
53,+52,39721.549
54,0,202400
54,+1,202390
54,+2,202370
54,+3,202330
54,+4,202290
54,+5,202240
54,+6,202170
54,+7,202080
54,+8,201970
54,+9,201800
54,+10,201600
54,+11,201360
54,+12,201110
54,+13,200830
54,+14,200520
54,+15,200170
54,+16,199800
54,+17,199390
54,+18,198960
54,+19,198410
54,+20,197830
54,+21,197210
54,+22,196560
54,+23,195860
54,+24,195130
54,+25,194310
54,+26,193450
54,+27,191950
54,+28,190390
54,+29,188730
54,+30,186990
54,+31,185170
54,+32,183250
54,+33,181230
54,+34,179110
54,+35,176900
54,+36,174610
54,+37,172040
54,+38,169410
54,+39,166680
54,+40,163870
54,+41,160890
54,+42,157830
54,+43,154590
54,+44,151250
54,+45,143592
54,+46,135703
54,+47,127559
54,+48,119177
54,+49,110206
54,+50,100963
54,+51,91382.00
54,+52,81571.62
54,+53,41299.892
55,0,211630
55,+1,211630
55,+2,211600
55,+3,211570
55,+4,211530
55,+5,211470
55,+6,211410
55,+7,211320
55,+8,211210
55,+9,211080
55,+10,210870
55,+11,210640
55,+12,210380
55,+13,210080
55,+14,209770
55,+15,209420
55,+16,209040
55,+17,208620
55,+18,208180
55,+19,207700
55,+20,207100
55,+21,206470
55,+22,205810
55,+23,205110
55,+24,204350
55,+25,203570
55,+26,202690
55,+27,201770
55,+28,200180
55,+29,198510
55,+30,196750
55,+31,194900
55,+32,192970
55,+33,190940
55,+34,188800
55,+35,186570
55,+36,184240
55,+37,181820
55,+38,179140
55,+39,176370
55,+40,173520
55,+41,170570
55,+42,167450
55,+43,164240
55,+44,160840
55,+45,157360
55,+46,149370
55,+47,141146
55,+48,132662
55,+49,123936
55,+50,114586
55,+51,104958
55,+52,94983.00
55,+53,84774.22
55,+54,42913.144
56,0,221100
56,+1,221100
56,+2,221090
56,+3,221050
56,+4,221000
56,+5,220940
56,+6,220880
56,+7,220790
56,+8,220690
56,+9,220560
56,+10,220410
56,+11,220170
56,+12,219900
56,+13,219600
56,+14,219280
56,+15,218930
56,+16,218530
56,+17,218110
56,+18,217650
56,+19,217170
56,+20,216650
56,+21,216010
56,+22,215320
56,+23,214600
56,+24,213860
56,+25,213050
56,+26,212200
56,+27,211270
56,+28,210290
56,+29,208590
56,+30,206820
56,+31,204960
56,+32,203000
56,+33,200950
56,+34,198810
56,+35,196550
56,+36,194210
56,+37,191750
56,+38,189200
56,+39,186390
56,+40,183480
56,+41,180500
56,+42,177420
56,+43,174150
56,+44,170790
56,+45,167240
56,+46,163600
56,+47,155274
56,+48,146709
56,+49,137878
56,+50,128801
56,+51,119062
56,+52,109039
56,+53,98663.43
56,+54,88047.01
56,+55,44561.633
57,0,230820
57,+1,230820
57,+2,230810
57,+3,230780
57,+4,230730
57,+5,230670
57,+6,230600
57,+7,230510
57,+8,230410
57,+9,230290
57,+10,230140
57,+11,229970
57,+12,229690
57,+13,229400
57,+14,229060
57,+15,228700
57,+16,228300
57,+17,227870
57,+18,227410
57,+19,226920
57,+20,226380
57,+21,225810
57,+22,225120
57,+23,224390
57,+24,223620
57,+25,222810
57,+26,221940
57,+27,221040
57,+28,220050
57,+29,219010
57,+30,217210
57,+31,215320
57,+32,213350
57,+33,211280
57,+34,209110
57,+35,206860
57,+36,204470
57,+37,202010
57,+38,199430
57,+39,196750
57,+40,193800
57,+41,190770
57,+42,187640
57,+43,184410
57,+44,180990
57,+45,177480
57,+46,173780
57,+47,169980
57,+48,161310
57,+49,152396
57,+50,143212
57,+51,133775
57,+52,123640
57,+53,113214
57,+54,102424.16
57,+55,91390.76
57,+56,46245.77
58,0,240800
58,+1,240800
58,+2,240790
58,+3,240760
58,+4,240730
58,+5,240670
58,+6,240590
58,+7,240490
58,+8,240390
58,+9,240270
58,+10,240120
58,+11,239960
58,+12,239760
58,+13,239450
58,+14,239100
58,+15,238740
58,+16,238330
58,+17,237900
58,+18,237430
58,+19,236920
58,+20,236380
58,+21,235790
58,+22,235190
58,+23,234440
58,+24,233650
58,+25,232830
58,+26,231960
58,+27,231040
58,+28,230080
58,+29,229010
58,+30,227910
58,+31,226000
58,+32,224010
58,+33,221920
58,+34,219740
58,+35,217460
58,+36,215080
58,+37,212580
58,+38,209980
58,+39,207280
58,+40,204460
58,+41,201390
58,+42,198200
58,+43,194930
58,+44,191570
58,+45,188000
58,+46,184330
58,+47,180460
58,+48,176500
58,+49,167475
58,+50,158206
58,+51,148661
58,+52,138859
58,+53,128316
58,+54,117476
58,+55,106266.05
58,+56,94806.20
58,+57,47965.89
59,0,251060
59,+1,251060
59,+2,251040
59,+3,251020
59,+4,250980
59,+5,250930
59,+6,250840
59,+7,250750
59,+8,250630
59,+9,250510
59,+10,250360
59,+11,250200
59,+12,250000
59,+13,249780
59,+14,249430
59,+15,249050
59,+16,248640
59,+17,248190
59,+18,247720
59,+19,247200
59,+20,246640
59,+21,246060
59,+22,245430
59,+23,244770
59,+24,243960
59,+25,243120
59,+26,242240
59,+27,241320
59,+28,240340
59,+29,239310
59,+30,238190
59,+31,237020
59,+32,235000
59,+33,232890
59,+34,230680
59,+35,228380
59,+36,225990
59,+37,223480
59,+38,220850
59,+39,218130
59,+40,215290
59,+41,212350
59,+42,209120
59,+43,205800
59,+44,202380
59,+45,198870
59,+46,195140
59,+47,191310
59,+48,187280
59,+49,183150
59,+50,173770
59,+51,164140
59,+52,154226
59,+53,144052
59,+54,133093
59,+55,121831
59,+56,110190.04
59,+57,98294.15
59,+58,49722.44
60,0,261580
60,+1,261580
60,+2,261570
60,+3,261540
60,+4,261510
60,+5,261450
60,+6,261360
60,+7,261260
60,+8,261150
60,+9,261010
60,+10,260860
60,+11,260690
60,+12,260500
60,+13,260280
60,+14,260030
60,+15,259650
60,+16,259230
60,+17,258770
60,+18,258280
60,+19,257760
60,+20,257190
60,+21,256600
60,+22,255950
60,+23,255280
60,+24,254560
60,+25,253710
60,+26,252820
60,+27,251870
60,+28,250890
60,+29,249840
60,+30,248750
60,+31,247560
60,+32,246320
60,+33,244190
60,+34,241970
60,+35,239650
60,+36,237220
60,+37,234690
60,+38,232070
60,+39,229310
60,+40,226440
60,+41,223470
60,+42,220390
60,+43,217020
60,+44,213560
60,+45,209990
60,+46,206330
60,+47,202440
60,+48,198450
60,+49,194250
60,+50,189940
60,+51,180200
60,+52,170201
60,+53,159912
60,+54,149358
60,+55,137973
60,+56,126279
60,+57,114197.03
60,+58,101855.37
60,+59,51515.78
61,0,272380
61,+1,272370
61,+2,272360
61,+3,272340
61,+4,272290
61,+5,272230
61,+6,272150
61,+7,272050
61,+8,271930
61,+9,271800
61,+10,271640
61,+11,271460
61,+12,271270
61,+13,271030
61,+14,270780
61,+15,270520
61,+16,270090
61,+17,269630
61,+18,269130
61,+19,268600
61,+20,268030
61,+21,267420
61,+22,266760
61,+23,266080
61,+24,265350
61,+25,264580
61,+26,263660
61,+27,262710
61,+28,261710
61,+29,260680
61,+30,259560
61,+31,258400
61,+32,257140
61,+33,255830
61,+34,253580
61,+35,251230
61,+36,248790
61,+37,246250
61,+38,243590
61,+39,240840
61,+40,237940
61,+41,234950
61,+42,231840
61,+43,228610
61,+44,225090
61,+45,221490
61,+46,217770
61,+47,213950
61,+48,209890
61,+49,205730
61,+50,201360
61,+51,196870
61,+52,186770
61,+53,176390
61,+54,165717
61,+55,154774
61,+56,142956
61,+57,130819
61,+58,118287.87
61,+59,105490.60
61,+60,53346.31
62,0,283450
62,+1,283450
62,+2,283440
62,+3,283420
62,+4,283380
62,+5,283320
62,+6,283230
62,+7,283120
62,+8,283010
62,+9,282860
62,+10,282710
62,+11,282520
62,+12,282310
62,+13,282080
62,+14,281820
62,+15,281540
62,+16,281230
62,+17,280760
62,+18,280250
62,+19,279720
62,+20,279140
62,+21,278520
62,+22,277860
62,+23,277150
62,+24,276410
62,+25,275630
62,+26,274810
62,+27,273830
62,+28,272810
62,+29,271760
62,+30,270660
62,+31,269480
62,+32,268250
62,+33,266930
62,+34,265540
62,+35,263170
62,+36,260700
62,+37,258140
62,+38,255460
62,+39,252680
62,+40,249790
62,+41,246750
62,+42,243620
62,+43,240370
62,+44,237010
62,+45,233340
62,+46,229570
62,+47,225700
62,+48,221730
62,+49,217510
62,+50,213170
62,+51,208620
62,+52,203970
62,+53,193460
62,+54,182700
62,+55,171644
62,+56,160308
62,+57,148043
62,+58,135455
62,+59,122463.27
62,+60,109200.42
62,+61,55214.30
63,0,294810
63,+1,294800
63,+2,294780
63,+3,294760
63,+4,294720
63,+5,294660
63,+6,294560
63,+7,294460
63,+8,294340
63,+9,294200
63,+10,294040
63,+11,293850
63,+12,293640
63,+13,293400
63,+14,293140
63,+15,292850
63,+16,292540
63,+17,292190
63,+18,291690
63,+19,291130
63,+20,290530
63,+21,289910
63,+22,289240
63,+23,288540
63,+24,287780
63,+25,286990
63,+26,286140
63,+27,285260
63,+28,284220
63,+29,283160
63,+30,282030
63,+31,280860
63,+32,279610
63,+33,278310
63,+34,276910
63,+35,275460
63,+36,272950
63,+37,270360
63,+38,267670
63,+39,264860
63,+40,261940
63,+41,258930
63,+42,255750
63,+43,252480
63,+44,249080
63,+45,245580
63,+46,241740
63,+47,237830
63,+48,233800
63,+49,229670
63,+50,225270
63,+51,220750
63,+52,216020
63,+53,211180
63,+54,200310
63,+55,189150
63,+56,177694
63,+57,165955
63,+58,153237
63,+59,140188
63,+60,126725.14
63,+61,112986.56
63,+62,57120.64
64,0,306410
64,+1,306410
64,+2,306400
64,+3,306380
64,+4,306340
64,+5,306280
64,+6,306180
64,+7,306080
64,+8,305960
64,+9,305810
64,+10,305650
64,+11,305460
64,+12,305250
64,+13,305000
64,+14,304740
64,+15,304440
64,+16,304130
64,+17,303770
64,+18,303390
64,+19,302830
64,+20,302220
64,+21,301590
64,+22,300910
64,+23,300190
64,+24,299430
64,+25,298620
64,+26,297770
64,+27,296870
64,+28,295940
64,+29,294830
64,+30,293690
64,+31,292500
64,+32,291280
64,+33,289950
64,+34,288590
64,+35,287100
64,+36,285570
64,+37,282940
64,+38,280230
64,+39,277400
64,+40,274460
64,+41,271410
64,+42,268250
64,+43,264940
64,+44,261520
64,+45,257970
64,+46,254300
64,+47,250320
64,+48,246250
64,+49,242050
64,+50,237760
64,+51,233190
64,+52,228490
64,+53,223580
64,+54,218560
64,+55,207280
64,+56,195730
64,+57,183870
64,+58,171721
64,+59,158539
64,+60,145017
64,+61,131074.02
64,+62,116849.45
64,+63,59065.54
65,0,318330
65,+1,318330
65,+2,318320
65,+3,318290
65,+4,318260
65,+5,318190
65,+6,318090
65,+7,317990
65,+8,317870
65,+9,317720
65,+10,317560
65,+11,317370
65,+12,317150
65,+13,316900
65,+14,316630
65,+15,316330
65,+16,316010
65,+17,315650
65,+18,315250
65,+19,314830
65,+20,314230
65,+21,313570
65,+22,312870
65,+23,312140
65,+24,311370
65,+25,310560
65,+26,309690
65,+27,308780
65,+28,307830
65,+29,306840
65,+30,305670
65,+31,304460
65,+32,303200
65,+33,301900
65,+34,300510
65,+35,299060
65,+36,297510
65,+37,295900
65,+38,293150
65,+39,290300
65,+40,287330
65,+41,284260
65,+42,281070
65,+43,277760
65,+44,274320
65,+45,270730
65,+46,267040
65,+47,263230
65,+48,259090
65,+49,254850
65,+50,250490
65,+51,246030
65,+52,241270
65,+53,236390
65,+54,231290
65,+55,226070
65,+56,214390
65,+57,202440
65,+58,190170
65,+59,177610
65,+60,163949
65,+61,149946
65,+62,135512.2
65,+63,120791.2
65,+64,61050.1
66,0,330600
66,+1,330600
66,+2,330500
66,+3,330500
66,+4,330500
66,+5,330400
66,+6,330300
66,+7,330200
66,+8,330080
66,+9,329930
66,+10,329760
66,+11,329570
66,+12,329350
66,+13,329090
66,+14,328810
66,+15,328510
66,+16,328170
66,+17,327810
66,+18,327420
66,+19,326980
66,+20,326510
66,+21,325860
66,+22,325150
66,+23,324400
66,+24,323620
66,+25,322790
66,+26,321920
66,+27,321000
66,+28,320030
66,+29,319010
66,+30,317960
66,+31,316720
66,+32,315450
66,+33,314130
66,+34,312750
66,+35,311290
66,+36,309760
66,+37,308130
66,+38,306440
66,+39,303550
66,+40,300560
66,+41,297460
66,+42,294250
66,+43,290920
66,+44,287470
66,+45,283860
66,+46,280140
66,+47,276290
66,+48,272320
66,+49,268020
66,+50,263620
66,+51,259090
66,+52,254450
66,+53,249520
66,+54,244450
66,+55,239150
66,+56,233740
66,+57,221660
66,+58,209290
66,+59,196600
66,+60,183610
66,+61,169470
66,+62,154974
66,+63,140037.91
66,+64,124809.85
66,+65,63073.23
67,0,343100
67,+1,343100
67,+2,343100
67,+3,343000
67,+4,343000
67,+5,342900
67,+6,342800
67,+7,342700
67,+8,342600
67,+9,342400
67,+10,342300
67,+11,342100
67,+12,341800
67,+13,341580
67,+14,341290
67,+15,340980
67,+16,340650
67,+17,340270
67,+18,339870
67,+19,339420
67,+20,338950
67,+21,338440
67,+22,337720
67,+23,336960
67,+24,336170
67,+25,335330
67,+26,334450
67,+27,333520
67,+28,332540
67,+29,331510
67,+30,330430
67,+31,329300
67,+32,328000
67,+33,326660
67,+34,325260
67,+35,323820
67,+36,322270
67,+37,320670
67,+38,318960
67,+39,317190
67,+40,314160
67,+41,311040
67,+42,307800
67,+43,304440
67,+44,300970
67,+45,297380
67,+46,293620
67,+47,289740
67,+48,285720
67,+49,281590
67,+50,277130
67,+51,272550
67,+52,267860
67,+53,263060
67,+54,257920
67,+55,252670
67,+56,247170
67,+57,241560
67,+58,229060
67,+59,216280
67,+60,203160
67,+61,189750
67,+62,175100
67,+63,160103
67,+64,144655.33
67,+65,128909.56
67,+66,65137.13
68,0,355800
68,+1,355800
68,+2,355800
68,+3,355800
68,+4,355800
68,+5,355700
68,+6,355700
68,+7,355600
68,+8,355500
68,+9,355200
68,+10,355100
68,+11,354900
68,+12,354600
68,+13,354400
68,+14,354100
68,+15,353800
68,+16,353400
68,+17,353050
68,+18,352620
68,+19,352180
68,+20,351690
68,+21,351170
68,+22,350610
68,+23,349850
68,+24,349040
68,+25,348180
68,+26,347280
68,+27,346340
68,+28,345350
68,+29,344300
68,+30,343210
68,+31,342070
68,+32,340880
68,+33,339510
68,+34,338090
68,+35,336630
68,+36,335120
68,+37,333490
68,+38,331810
68,+39,330010
68,+40,328150
68,+41,324990
68,+42,321730
68,+43,318340
68,+44,314850
68,+45,311210
68,+46,307470
68,+47,303560
68,+48,299520
68,+49,295360
68,+50,291050
68,+51,286420
68,+52,281670
68,+53,276810
68,+54,271820
68,+55,266490
68,+56,261040
68,+57,255350
68,+58,249530
68,+59,236610
68,+60,223390
68,+61,209840
68,+62,195990
68,+63,180840
68,+64,165335
68,+65,149364.28
68,+66,133089.72
68,+67,67241.48
69,0,369000
69,+1,369000
69,+2,369000
69,+3,369000
69,+4,369000
69,+5,368900
69,+6,368700
69,+7,368600
69,+8,368500
69,+9,368400
69,+10,368200
69,+11,368000
69,+12,367700
69,+13,367500
69,+14,367100
69,+15,366900
69,+16,366500
69,+17,366100
69,+18,365700
69,+19,365200
69,+20,364700
69,+21,364200
69,+22,363600
69,+23,363000
69,+24,362200
69,+25,361340
69,+26,360430
69,+27,359480
69,+28,358480
69,+29,357420
69,+30,356320
69,+31,355150
69,+32,353950
69,+33,352700
69,+34,351250
69,+35,349760
69,+36,348220
69,+37,346620
69,+38,344920
69,+39,343160
69,+40,341270
69,+41,339330
69,+42,336030
69,+43,332620
69,+44,329090
69,+45,325430
69,+46,321660
69,+47,317770
69,+48,313690
69,+49,309490
69,+50,305160
69,+51,300700
69,+52,295890
69,+53,290970
69,+54,285920
69,+55,280760
69,+56,275230
69,+57,269580
69,+58,263680
69,+59,257650
69,+60,244310
69,+61,230660
69,+62,216670
69,+63,202370
69,+64,186710
69,+65,170670
69,+66,154167.04
69,+67,137352.70
69,+68,69387.45
70,0,382500
70,+1,382500
70,+2,382500
70,+3,382400
70,+4,382400
70,+5,382400
70,+6,382200
70,+7,382100
70,+8,382000
70,+9,381700
70,+10,381600
70,+11,381400
70,+12,381100
70,+13,380900
70,+14,380600
70,+15,380300
70,+16,379900
70,+17,379500
70,+18,379000
70,+19,378600
70,+20,378100
70,+21,377600
70,+22,377000
70,+23,376400
70,+24,375700
70,+25,374800
70,+26,373900
70,+27,372900
70,+28,371900
70,+29,370800
70,+30,369700
70,+31,368600
70,+32,367300
70,+33,366100
70,+34,364700
70,+35,363220
70,+36,361660
70,+37,360040
70,+38,358380
70,+39,356580
70,+40,354740
70,+41,352760
70,+42,350730
70,+43,347280
70,+44,343720
70,+45,340050
70,+46,336250
70,+47,332310
70,+48,328260
70,+49,324020
70,+50,319660
70,+51,315160
70,+52,310530
70,+53,305550
70,+54,300440
70,+55,295220
70,+56,289880
70,+57,284150
70,+58,278280
70,+59,272170
70,+60,265950
70,+61,252160
70,+62,238060
70,+63,223630
70,+64,208880
70,+65,192680
70,+66,176110
70,+67,159063.11
70,+68,141697.67
70,+69,71574.63
71,0,396300
71,+1,396300
71,+2,396100
71,+3,396100
71,+4,396100
71,+5,396000
71,+6,396000
71,+7,395900
71,+8,395800
71,+9,395500
71,+10,395400
71,+11,395100
71,+12,394900
71,+13,394600
71,+14,394300
71,+15,394000
71,+16,393600
71,+17,393300
71,+18,392800
71,+19,392300
71,+20,391800
71,+21,391300
71,+22,390700
71,+23,390100
71,+24,389300
71,+25,388700
71,+26,387700
71,+27,386700
71,+28,385700
71,+29,384600
71,+30,383500
71,+31,382300
71,+32,381100
71,+33,379800
71,+34,378400
71,+35,377000
71,+36,375400
71,+37,373800
71,+38,372100
71,+39,370300
71,+40,368500
71,+41,366500
71,+42,364500
71,+43,362300
71,+44,358700
71,+45,355040
71,+46,351220
71,+47,347250
71,+48,343180
71,+49,338960
71,+50,334560
71,+51,330020
71,+52,325360
71,+53,320550
71,+54,315380
71,+55,310100
71,+56,304690
71,+57,299160
71,+58,293240
71,+59,287160
71,+60,280840
71,+61,274380
71,+62,260160
71,+63,245610
71,+64,230720
71,+65,215510
71,+66,198780
71,+67,181660
71,+68,164055.3
71,+69,146127.2
71,+70,73804.35
72,0,410300
72,+1,410300
72,+2,410300
72,+3,410100
72,+4,410100
72,+5,410100
72,+6,410000
72,+7,409900
72,+8,409800
72,+9,409500
72,+10,409400
72,+11,409100
72,+12,408900
72,+13,408700
72,+14,408400
72,+15,408000
72,+16,407700
72,+17,407300
72,+18,406800
72,+19,406400
72,+20,405800
72,+21,405300
72,+22,404700
72,+23,404100
72,+24,403300
72,+25,402600
72,+26,401800
72,+27,400800
72,+28,399700
72,+29,398700
72,+30,397500
72,+31,396400
72,+32,395100
72,+33,393800
72,+34,392400
72,+35,391000
72,+36,389600
72,+37,387800
72,+38,386200
72,+39,384400
72,+40,382500
72,+41,380600
72,+42,378600
72,+43,376400
72,+44,374200
72,+45,370400
72,+46,366600
72,+47,362600
72,+48,358500
72,+49,354200
72,+50,349900
72,+51,345300
72,+52,340600
72,+53,335700
72,+54,330800
72,+55,325400
72,+56,319900
72,+57,314350
72,+58,308630
72,+59,302480
72,+60,296210
72,+61,289660
72,+62,282980
72,+63,268310
72,+64,253310
72,+65,237960
72,+66,222280
72,+67,205000
72,+68,187330
72,+69,169145.9
72,+70,150643.60
72,+71,76077.70
73,0,424500
73,+1,424500
73,+2,424500
73,+3,424500
73,+4,424500
73,+5,424400
73,+6,424400
73,+7,424300
73,+8,424000
73,+9,423900
73,+10,423800
73,+11,423500
73,+12,423300
73,+13,423000
73,+14,422800
73,+15,422400
73,+16,422000
73,+17,421700
73,+18,421200
73,+19,420700
73,+20,420200
73,+21,419600
73,+22,418900
73,+23,418300
73,+24,417700
73,+25,416800
73,+26,416100
73,+27,415200
73,+28,414200
73,+29,413100
73,+30,412000
73,+31,410800
73,+32,409500
73,+33,408200
73,+34,406800
73,+35,405300
73,+36,403800
73,+37,402300
73,+38,400600
73,+39,398700
73,+40,396900
73,+41,395000
73,+42,392900
73,+43,390800
73,+44,388600
73,+45,386200
73,+46,382400
73,+47,378400
73,+48,374200
73,+49,370000
73,+50,365500
73,+51,360900
73,+52,356200
73,+53,351400
73,+54,346300
73,+55,341200
73,+56,335600
73,+57,330000
73,+58,324200
73,+59,318300
73,+60,311900
73,+61,305400
73,+62,298700
73,+63,291760
73,+64,276620
73,+65,261160
73,+66,245340
73,+67,229180
73,+68,211340
73,+69,193090
73,+70,174335.1
73,+71,155246.63
73,+72,78394.63
74,0,438990
74,+1,438980
74,+2,438970
74,+3,438940
74,+4,438900
74,+5,438850
74,+6,438780
74,+7,438670
74,+8,438520
74,+9,438360
74,+10,438180
74,+11,437970
74,+12,437740
74,+13,437480
74,+14,437190
74,+15,436870
74,+16,436510
74,+17,436110
74,+18,435690
74,+19,435230
74,+20,434730
74,+21,434190
74,+22,433600
74,+23,432950
74,+24,432270
74,+25,431540
74,+26,430750
74,+27,429920
74,+28,429030
74,+29,427910
74,+30,426720
74,+31,425490
74,+32,424210
74,+33,422870
74,+34,421480
74,+35,420020
74,+36,418510
74,+37,416950
74,+38,415320
74,+39,413500
74,+40,411620
74,+41,409670
74,+42,407670
74,+43,405530
74,+44,403320
74,+45,400960
74,+46,398550
74,+47,394490
74,+48,390310
74,+49,386000
74,+50,381560
74,+51,376970
74,+52,372260
74,+53,367340
74,+54,362280
74,+55,357070
74,+56,351720
74,+57,346000
74,+58,340160
74,+59,334190
74,+60,328100
74,+61,321500
74,+62,314770
74,+63,307770
74,+64,300640
74,+65,285080
74,+66,269175
74,+67,252923
74,+68,236335
74,+69,217859
74,+70,198987
74,+71,179624.6
74,+72,159937.84
74,+73,80755.91
75,0,454200
75,+1,454200
75,+2,454200
75,+3,454200
75,+4,454000
75,+5,454000
75,+6,453900
75,+7,453900
75,+8,453700
75,+9,453500
75,+10,453400
75,+11,453200
75,+12,452900
75,+13,452700
75,+14,452300
75,+15,452000
75,+16,451700
75,+17,451300
75,+18,450800
75,+19,450300
75,+20,449800
75,+21,449200
75,+22,448600
75,+23,448000
75,+24,447200
75,+25,446500
75,+26,445700
75,+27,444900
75,+28,443900
75,+29,443000
75,+30,441800
75,+31,440500
75,+32,439300
75,+33,437900
75,+34,436400
75,+35,435100
75,+36,433400
75,+37,432000
75,+38,430200
75,+39,428600
75,+40,426600
75,+41,424600
75,+42,422700
75,+43,420600
75,+44,418300
75,+45,416100
75,+46,413600
75,+47,411100
75,+48,406900
75,+49,402600
75,+50,398100
75,+51,393400
75,+52,388700
75,+53,383900
75,+54,378800
75,+55,373400
75,+56,368100
75,+57,362500
75,+58,356700
75,+59,350600
75,+60,344400
75,+61,338100
75,+62,331300
75,+63,324300
75,+64,317200
75,+65,309800
75,+66,293700
75,+67,277300
75,+68,260520
75,+69,243390
75,+70,224390
75,+71,204970
75,+72,185016.4
75,+73,164719.0
75,+74,83162.41
76,0,469400
76,+1,469400
76,+2,469400
76,+3,469400
76,+4,469300
76,+5,469300
76,+6,469200
76,+7,469200
76,+8,469000
76,+9,468800
76,+10,468700
76,+11,468400
76,+12,468200
76,+13,467900
76,+14,467700
76,+15,467300
76,+16,466900
76,+17,466600
76,+18,466100
76,+19,465700
76,+20,465100
76,+21,464600
76,+22,463900
76,+23,463200
76,+24,462600
76,+25,461700
76,+26,461000
76,+27,460100
76,+28,459100
76,+29,458200
76,+30,457300
76,+31,455900
76,+32,454700
76,+33,453300
76,+34,451800
76,+35,450300
76,+36,448800
76,+37,447200
76,+38,445600
76,+39,443900
76,+40,442100
76,+41,440000
76,+42,438000
76,+43,435900
76,+44,433700
76,+45,431500
76,+46,429000
76,+47,426500
76,+48,423900
76,+49,419400
76,+50,415000
76,+51,410400
76,+52,405600
76,+53,400600
76,+54,395600
76,+55,390300
76,+56,384800
76,+57,379300
76,+58,373600
76,+59,367500
76,+60,361300
76,+61,354800
76,+62,348400
76,+63,341300
76,+64,334100
76,+65,326700
76,+66,319000
76,+67,302500
76,+68,285600
76,+69,268330
76,+70,250710
76,+71,231110
76,+72,211080
76,+73,190511.1
76,+74,169590.6
76,+75,85614.42
77,0,485000
77,+1,485000
77,+2,485000
77,+3,484900
77,+4,484900
77,+5,484900
77,+6,484800
77,+7,484700
77,+8,484700
77,+9,484500
77,+10,484300
77,+11,484000
77,+12,483800
77,+13,483500
77,+14,483300
77,+15,482900
77,+16,482500
77,+17,482200
77,+18,481700
77,+19,481300
77,+20,480700
77,+21,480200
77,+22,479600
77,+23,479000
77,+24,478200
77,+25,477500
77,+26,476600
77,+27,475700
77,+28,474700
77,+29,473900
77,+30,472800
77,+31,471800
77,+32,470400
77,+33,469000
77,+34,467500
77,+35,466100
77,+36,464600
77,+37,463000
77,+38,461200
77,+39,459500
77,+40,457700
77,+41,455900
77,+42,453800
77,+43,451600
77,+44,449400
77,+45,447200
77,+46,444700
77,+47,442300
77,+48,439500
77,+49,436800
77,+50,432300
77,+51,427600
77,+52,422800
77,+53,417800
77,+54,412700
77,+55,407500
77,+56,402100
77,+57,396500
77,+58,390700
77,+59,384800
77,+60,378500
77,+61,372100
77,+62,365500
77,+63,358800
77,+64,351500
77,+65,344100
77,+66,336400
77,+67,328600
77,+68,311400
77,+69,294100
77,+70,276300
77,+71,258170
77,+72,237960
77,+73,217310
77,+74,196112.6
77,+75,174556.0
77,+76,88113.6
78,0,500900
78,+1,500900
78,+2,500900
78,+3,500900
78,+4,500800
78,+5,500800
78,+6,500600
78,+7,500500
78,+8,500500
78,+9,500400
78,+10,500200
78,+11,500000
78,+12,499800
78,+13,499400
78,+14,499200
78,+15,498800
78,+16,498500
78,+17,498000
78,+18,497700
78,+19,497200
78,+20,496700
78,+21,496100
78,+22,495400
78,+23,494800
78,+24,494100
78,+25,493300
78,+26,492600
78,+27,491700
78,+28,490700
78,+29,489700
78,+30,488700
78,+31,487600
78,+32,486500
78,+33,485200
78,+34,483700
78,+35,482200
78,+36,480600
78,+37,479000
78,+38,477200
78,+39,475500
78,+40,473600
78,+41,471800
78,+42,469900
78,+43,467700
78,+44,465400
78,+45,463200
78,+46,460800
78,+47,458200
78,+48,455600
78,+49,452900
78,+50,450100
78,+51,445400
78,+52,440500
78,+53,435600
78,+54,430500
78,+55,425100
78,+56,419700
78,+57,414100
78,+58,408300
78,+59,402300
78,+60,396300
78,+61,389700
78,+62,383100
78,+63,376300
78,+64,369300
78,+65,361800
78,+66,354200
78,+67,346200
78,+68,338100
78,+69,320600
78,+70,302600
78,+71,284400
78,+72,265780
78,+73,244940
78,+74,223670
78,+75,201820.7
78,+76,179614.9
78,+77,90659.84
79,0,517100
79,+1,517100
79,+2,517100
79,+3,517100
79,+4,517000
79,+5,517000
79,+6,516900
79,+7,516900
79,+8,516800
79,+9,516600
79,+10,516400
79,+11,516300
79,+12,516000
79,+13,515800
79,+14,515400
79,+15,515200
79,+16,514800
79,+17,514400
79,+18,513900
79,+19,513400
79,+20,512900
79,+21,512400
79,+22,511800
79,+23,511200
79,+24,510400
79,+25,509700
79,+26,508800
79,+27,508000
79,+28,507100
79,+29,506100
79,+30,505000
79,+31,503900
79,+32,502800
79,+33,501500
79,+34,500000
79,+35,498500
79,+36,496900
79,+37,495300
79,+38,493600
79,+39,491800
79,+40,490000
79,+41,488100
79,+42,486100
79,+43,484200
79,+44,481900
79,+45,479600
79,+46,477200
79,+47,474700
79,+48,472100
79,+49,469400
79,+50,466600
79,+51,463600
79,+52,458600
79,+53,453700
79,+54,448500
79,+55,443200
79,+56,437800
79,+57,432200
79,+58,426300
79,+59,420300
79,+60,414100
79,+61,407900
79,+62,401100
79,+63,394300
79,+64,387300
79,+65,380100
79,+66,372400
79,+67,364500
79,+68,356300
79,+69,347900
79,+70,329900
79,+71,311400
79,+72,292700
79,+73,273500
79,+74,252060
79,+75,230140
79,+76,207638.6
79,+77,184770.4
79,+78,93254.62
80,0,533900
80,+1,533800
80,+2,533800
80,+3,533800
80,+4,533800
80,+5,533600
80,+6,533500
80,+7,533500
80,+8,533400
80,+9,533300
80,+10,533100
80,+11,532900
80,+12,532800
80,+13,532400
80,+14,532100
80,+15,531800
80,+16,531400
80,+17,531000
80,+18,530700
80,+19,530200
80,+20,529500
80,+21,529000
80,+22,528400
80,+23,527800
80,+24,527100
80,+25,526300
80,+26,525600
80,+27,524600
80,+28,523700
80,+29,522700
80,+30,521600
80,+31,520600
80,+32,519400
80,+33,518100
80,+34,516900
80,+35,515400
80,+36,513800
80,+37,512100
80,+38,510300
80,+39,508600
80,+40,506700
80,+41,504900
80,+42,502900
80,+43,500800
80,+44,498700
80,+45,496300
80,+46,494000
80,+47,491500
80,+48,488900
80,+49,486100
80,+50,483300
80,+51,480300
80,+52,477300
80,+53,472300
80,+54,467000
80,+55,461700
80,+56,456300
80,+57,450600
80,+58,444900
80,+59,438800
80,+60,432600
80,+61,426300
80,+62,419700
80,+63,412700
80,+64,405700
80,+65,398500
80,+66,391200
80,+67,383100
80,+68,374900
80,+69,366500
80,+70,357900
80,+71,339300
80,+72,320400
80,+73,301200
80,+74,281400
80,+75,259310
80,+76,236740
80,+77,213567.0
80,+78,190022.9
80,+79,95898.19
81,0,550900
81,+1,550900
81,+2,550700
81,+3,550700
81,+4,550700
81,+5,550600
81,+6,550600
81,+7,550500
81,+8,550400
81,+9,550200
81,+10,550100
81,+11,549900
81,+12,549700
81,+13,549500
81,+14,549100
81,+15,548900
81,+16,548500
81,+17,548000
81,+18,547600
81,+19,547100
81,+20,546600
81,+21,546000
81,+22,545400
81,+23,544800
81,+24,544200
81,+25,543300
81,+26,542600
81,+27,541700
81,+28,540700
81,+29,539700
81,+30,538700
81,+31,537600
81,+32,536400
81,+33,535100
81,+34,533900
81,+35,532500
81,+36,530900
81,+37,529200
81,+38,527400
81,+39,525700
81,+40,523800
81,+41,521800
81,+42,519900
81,+43,517800
81,+44,515700
81,+45,513400
81,+46,511100
81,+47,508500
81,+48,506000
81,+49,503300
81,+50,500400
81,+51,497500
81,+52,494400
81,+53,491200
81,+54,486000
81,+55,480700
81,+56,475100
81,+57,469500
81,+58,463700
81,+59,457600
81,+60,451400
81,+61,445000
81,+62,438500
81,+63,431700
81,+64,424600
81,+65,417300
81,+66,409900
81,+67,402300
81,+68,394100
81,+69,385700
81,+70,376900
81,+71,368100
81,+72,349000
81,+73,329500
81,+74,309700
81,+75,289500
81,+76,266710
81,+77,243460
81,+78,219609.4
81,+79,195375.3
81,+80,98592.12
82,0,568200
82,+1,568100
82,+2,568100
82,+3,568100
82,+4,568100
82,+5,568000
82,+6,568000
82,+7,567800
82,+8,567700
82,+9,567600
82,+10,567400
82,+11,567200
82,+12,567000
82,+13,566700
82,+14,566500
82,+15,566200
82,+16,565900
82,+17,565500
82,+18,565000
82,+19,564500
82,+20,564000
82,+21,563500
82,+22,562900
82,+23,562100
82,+24,561500
82,+25,560800
82,+26,559900
82,+27,559000
82,+28,558200
82,+29,557200
82,+30,556100
82,+31,555000
82,+32,553700
82,+33,552500
82,+34,551200
82,+35,549900
82,+36,548400
82,+37,546800
82,+38,545000
82,+39,543200
82,+40,541300
82,+41,539300
82,+42,537300
82,+43,535200
82,+44,533000
82,+45,530800
82,+46,528500
82,+47,525900
82,+48,523300
82,+49,520700
82,+50,518000
82,+51,515000
82,+52,511900
82,+53,508800
82,+54,505500
82,+55,500000
82,+56,494600
82,+57,488900
82,+58,482900
82,+59,477000
82,+60,470800
82,+61,464300
82,+62,457700
82,+63,450900
82,+64,444100
82,+65,436700
82,+66,429200
82,+67,421500
82,+68,413700
82,+69,405200
82,+70,396500
82,+71,387600
82,+72,378400
82,+73,358800
82,+74,338800
82,+75,318500
82,+76,297700
82,+77,274250
82,+78,250310
82,+79,225766.7
82,+80,200828.5
82,+81,101336.7
83,0,585800
83,+1,585800
83,+2,585800
83,+3,585800
83,+4,585700
83,+5,585700
83,+6,585600
83,+7,585600
83,+8,585500
83,+9,585200
83,+10,585100
83,+11,585000
83,+12,584700
83,+13,584500
83,+14,584200
83,+15,584000
83,+16,583600
83,+17,583200
83,+18,582700
83,+19,582200
83,+20,581700
83,+21,581200
83,+22,580600
83,+23,579900
83,+24,579300
83,+25,578500
83,+26,577600
83,+27,576800
83,+28,575900
83,+29,574900
83,+30,573800
83,+31,572700
83,+32,571600
83,+33,570300
83,+34,569000
83,+35,567600
83,+36,566100
83,+37,564600
83,+38,562900
83,+39,561000
83,+40,559200
83,+41,557200
83,+42,555100
83,+43,553100
83,+44,550900
83,+45,548600
83,+46,546300
83,+47,543900
83,+48,541200
83,+49,538600
83,+50,535700
83,+51,532900
83,+52,529900
83,+53,526700
83,+54,523300
83,+55,520000
83,+56,514400
83,+57,508600
83,+58,502800
83,+59,496700
83,+60,490500
83,+61,484200
83,+62,477500
83,+63,470600
83,+64,463700
83,+65,456500
83,+66,448900
83,+67,441300
83,+68,433400
83,+69,425400
83,+70,416600
83,+71,407700
83,+72,398400
83,+73,388900
83,+74,368900
83,+75,348300
83,+76,327400
83,+77,306100
83,+78,281900
83,+79,257300
83,+80,232042.1
83,+81,206385.2
83,+82,104133.4
84,0,603900
84,+1,603900
84,+2,603900
84,+3,603800
84,+4,603800
84,+5,603800
84,+6,603700
84,+7,603600
84,+8,603400
84,+9,603300
84,+10,603200
84,+11,602900
84,+12,602700
84,+13,602600
84,+14,602300
84,+15,601900
84,+16,601700
84,+17,601200
84,+18,600800
84,+19,600300
84,+20,599800
84,+21,599200
84,+22,598700
84,+23,598000
84,+24,597400
84,+25,596600
84,+26,595700
84,+27,594900
84,+28,594000
84,+29,593000
84,+30,591900
84,+31,590800
84,+32,589700
84,+33,588400
84,+34,587100
84,+35,585700
84,+36,584200
84,+37,582700
84,+38,581100
84,+39,579300
84,+40,577400
84,+41,575400
84,+42,573300
84,+43,571200
84,+44,569100
84,+45,566700
84,+46,564400
84,+47,562000
84,+48,559500
84,+49,556800
84,+50,554000
84,+51,551100
84,+52,548100
84,+53,545000
84,+54,541700
84,+55,538200
84,+56,534700
84,+57,528900
84,+58,523000
84,+59,516900
84,+60,510700
84,+61,504200
84,+62,497700
84,+63,490900
84,+64,483900
84,+65,476700
84,+66,469300
84,+67,461500
84,+68,453500
84,+69,445500
84,+70,437200
84,+71,428100
84,+72,418900
84,+73,409400
84,+74,399700
84,+75,379000
84,+76,357900
84,+77,336500
84,+78,314700
84,+79,289800
84,+80,264420
84,+81,238438.1
84,+82,212047.7
84,+83,106983.4
85,0,622300
85,+1,622300
85,+2,622300
85,+3,622300
85,+4,622200
85,+5,622200
85,+6,622000
85,+7,622000
85,+8,621900
85,+9,621700
85,+10,621500
85,+11,621400
85,+12,621200
85,+13,620900
85,+14,620700
85,+15,620400
85,+16,620000
85,+17,619700
85,+18,619300
85,+19,618800
85,+20,618300
85,+21,617700
85,+22,617100
85,+23,616400
85,+24,615800
85,+25,615100
85,+26,614200
85,+27,613300
85,+28,612500
85,+29,611500
85,+30,610400
85,+31,609300
85,+32,608100
85,+33,606900
85,+34,605500
85,+35,604200
85,+36,602700
85,+37,601200
85,+38,599600
85,+39,598000
85,+40,596000
85,+41,594000
85,+42,591900
85,+43,589800
85,+44,587600
85,+45,585300
85,+46,583000
85,+47,580500
85,+48,578000
85,+49,575400
85,+50,572600
85,+51,569700
85,+52,566700
85,+53,563600
85,+54,560400
85,+55,556900
85,+56,553300
85,+57,549700
85,+58,543800
85,+59,537600
85,+60,531400
85,+61,524900
85,+62,518400
85,+63,511600
85,+64,504500
85,+65,497300
85,+66,489900
85,+67,482300
85,+68,474200
85,+69,466100
85,+70,457700
85,+71,449300
85,+72,439900
85,+73,430500
85,+74,420600
85,+75,410600
85,+76,389400
85,+77,367900
85,+78,345800
85,+79,323400
85,+80,297800
85,+81,271690
85,+82,244956.2
85,+83,217817.2
85,+84,109887.2
86,0,641000
86,+1,641000
86,+2,641000
86,+3,641000
86,+4,641000
86,+5,640900
86,+6,640900
86,+7,640800
86,+8,640600
86,+9,640500
86,+10,640300
86,+11,640100
86,+12,639900
86,+13,639600
86,+14,639400
86,+15,639100
86,+16,638800
86,+17,638400
86,+18,638000
86,+19,637700
86,+20,637000
86,+21,636500
86,+22,635900
86,+23,635300
86,+24,634700
86,+25,633800
86,+26,633100
86,+27,632200
86,+28,631300
86,+29,630300
86,+30,629200
86,+31,628100
86,+32,627000
86,+33,625700
86,+34,624400
86,+35,623000
86,+36,621500
86,+37,620000
86,+38,618400
86,+39,616800
86,+40,615100
86,+41,613000
86,+42,611000
86,+43,608800
86,+44,606500
86,+45,604300
86,+46,601900
86,+47,599500
86,+48,596900
86,+49,594300
86,+50,591700
86,+51,588700
86,+52,585700
86,+53,582600
86,+54,579500
86,+55,576000
86,+56,572600
86,+57,568800
86,+58,565000
86,+59,558800
86,+60,552500
86,+61,546000
86,+62,539500
86,+63,532600
86,+64,525700
86,+65,518400
86,+66,510900
86,+67,503300
86,+68,495400
86,+69,487300
86,+70,478800
86,+71,470300
86,+72,461600
86,+73,451900
86,+74,442100
86,+75,432100
86,+76,421800
86,+77,400000
86,+78,377800
86,+79,355200
86,+80,332300
86,+81,305900
86,+82,279080
86,+83,251591.7
86,+84,223688.6
86,+85,112842.2
87,0,660200
87,+1,660200
87,+2,660200
87,+3,660200
87,+4,660100
87,+5,660100
87,+6,660000
87,+7,660000
87,+8,659800
87,+9,659700
87,+10,659500
87,+11,659300
87,+12,659100
87,+13,658900
87,+14,658600
87,+15,658200
87,+16,658000
87,+17,657600
87,+18,657200
87,+19,656900
87,+20,656400
87,+21,655800
87,+22,655100
87,+23,654500
87,+24,653900
87,+25,653100
87,+26,652300
87,+27,651400
87,+28,650500
87,+29,649600
87,+30,648600
87,+31,647400
87,+32,646200
87,+33,645000
87,+34,643700
87,+35,642200
87,+36,640900
87,+37,639300
87,+38,637700
87,+39,636000
87,+40,634300
87,+41,632400
87,+42,630300
87,+43,628200
87,+44,626000
87,+45,623600
87,+46,621300
87,+47,618800
87,+48,616200
87,+49,613600
87,+50,610900
87,+51,608100
87,+52,605000
87,+53,601900
87,+54,598700
87,+55,595500
87,+56,591900
87,+57,588300
87,+58,584500
87,+59,580600
87,+60,574200
87,+61,567700
87,+62,561000
87,+63,554200
87,+64,547100
87,+65,540000
87,+66,532500
87,+67,524800
87,+68,517000
87,+69,509000
87,+70,500400
87,+71,491800
87,+72,483000
87,+73,474000
87,+74,464200
87,+75,454000
87,+76,443600
87,+77,433100
87,+78,410800
87,+79,388100
87,+80,364900
87,+81,341300
87,+82,314200
87,+83,286630
87,+84,258362.7
87,+85,229679.5
87,+86,115857.5
88,0,680000
88,+1,680000
88,+2,680000
88,+3,680000
88,+4,680000
88,+5,680000
88,+6,680000
88,+7,679000
88,+8,679000
88,+9,679000
88,+10,679000
88,+11,679000
88,+12,679000
88,+13,678000
88,+14,678000
88,+15,678000
88,+16,677000
88,+17,677000
88,+18,677000
88,+19,676000
88,+20,676000
88,+21,675300
88,+22,674700
88,+23,674100
88,+24,673500
88,+25,672700
88,+26,672000
88,+27,671100
88,+28,670100
88,+29,669300
88,+30,668200
88,+31,667000
88,+32,665900
88,+33,664700
88,+34,663300
88,+35,662000
88,+36,660500
88,+37,659000
88,+38,657400
88,+39,655600
88,+40,653900
88,+41,652200
88,+42,650200
88,+43,648100
88,+44,645700
88,+45,643400
88,+46,641000
88,+47,638500
88,+48,635900
88,+49,633300
88,+50,630600
88,+51,627700
88,+52,624900
88,+53,621800
88,+54,618600
88,+55,615200
88,+56,611900
88,+57,608100
88,+58,604400
88,+59,600500
88,+60,596400
88,+61,589800
88,+62,583100
88,+63,576300
88,+64,569200
88,+65,562000
88,+66,554600
88,+67,546900
88,+68,539000
88,+69,530900
88,+70,522600
88,+71,513900
88,+72,505000
88,+73,495900
88,+74,486800
88,+75,476600
88,+76,466200
88,+77,455500
88,+78,444600
88,+79,421700
88,+80,398400
88,+81,374700
88,+82,350500
88,+83,322700
88,+84,294310
88,+85,265262.8
88,+86,235783.0
88,+87,118929.5
89,0,700000
89,+1,700000
89,+2,700000
89,+3,700000
89,+4,700000
89,+5,700000
89,+6,699000
89,+7,699000
89,+8,699000
89,+9,699000
89,+10,699000
89,+11,699000
89,+12,699000
89,+13,698000
89,+14,698000
89,+15,698000
89,+16,697000
89,+17,697000
89,+18,697000
89,+19,696000
89,+20,696000
89,+21,695000
89,+22,695000
89,+23,694000
89,+24,693000
89,+25,693000
89,+26,692000
89,+27,691000
89,+28,690000
89,+29,689000
89,+30,688000
89,+31,687000
89,+32,686000
89,+33,685000
89,+34,683400
89,+35,682000
89,+36,680500
89,+37,679100
89,+38,677400
89,+39,675700
89,+40,674000
89,+41,672100
89,+42,670300
89,+43,668300
89,+44,666000
89,+45,663600
89,+46,661200
89,+47,658700
89,+48,656100
89,+49,653500
89,+50,650700
89,+51,647900
89,+52,645000
89,+53,642000
89,+54,638800
89,+55,635400
89,+56,631900
89,+57,628500
89,+58,624800
89,+59,620800
89,+60,616700
89,+61,612500
89,+62,605800
89,+63,598800
89,+64,591800
89,+65,584500
89,+66,577000
89,+67,569500
89,+68,561500
89,+69,553300
89,+70,545000
89,+71,536600
89,+72,527700
89,+73,518500
89,+74,509200
89,+75,499800
89,+76,489200
89,+77,478600
89,+78,467500
89,+79,456400
89,+80,433000
89,+81,409000
89,+82,384700
89,+83,359900
89,+84,331300
89,+85,302160
89,+86,272301.9
89,+87,242008.8
89,+88,122063.1
90,0,720000
90,+1,720000
90,+2,720000
90,+3,720000
90,+4,720000
90,+5,720000
90,+6,720000
90,+7,720000
90,+8,719000
90,+9,719000
90,+10,719000
90,+11,719000
90,+12,719000
90,+13,719000
90,+14,718000
90,+15,718000
90,+16,718000
90,+17,717000
90,+18,717000
90,+19,717000
90,+20,716000
90,+21,716000
90,+22,715000
90,+23,715000
90,+24,714000
90,+25,713000
90,+26,712000
90,+27,711000
90,+28,711000
90,+29,710000
90,+30,709000
90,+31,708000
90,+32,706000
90,+33,705000
90,+34,704000
90,+35,702000
90,+36,701000
90,+37,700000
90,+38,698000
90,+39,696000
90,+40,694000
90,+41,693000
90,+42,691000
90,+43,689000
90,+44,687000
90,+45,684000
90,+46,682000
90,+47,679000
90,+48,677000
90,+49,674000
90,+50,671000
90,+51,668000
90,+52,665000
90,+53,662000
90,+54,659000
90,+55,656000
90,+56,653000
90,+57,649000
90,+58,645000
90,+59,641000
90,+60,638000
90,+61,633000
90,+62,629000
90,+63,621900
90,+64,614800
90,+65,607500
90,+66,600100
90,+67,592400
90,+68,584600
90,+69,576400
90,+70,568100
90,+71,559500
90,+72,550700
90,+73,541600
90,+74,532300
90,+75,522700
90,+76,512900
90,+77,502100
90,+78,491200
90,+79,479800
90,+80,468400
90,+81,444200
90,+82,419800
90,+83,394900
90,+84,369500
90,+85,340100
90,+86,310150
90,+87,279464.1
90,+88,248341.3
90,+89,125250.3
91,0,740000
91,+1,740000
91,+2,740000
91,+3,740000
91,+4,740000
91,+5,740000
91,+6,740000
91,+7,740000
91,+8,740000
91,+9,740000
91,+10,740000
91,+11,740000
91,+12,739000
91,+13,739000
91,+14,739000
91,+15,739000
91,+16,739000
91,+17,738000
91,+18,738000
91,+19,738000
91,+20,736000
91,+21,736000
91,+22,735000
91,+23,735000
91,+24,734000
91,+25,734000
91,+26,733000
91,+27,733000
91,+28,732000
91,+29,730000
91,+30,729000
91,+31,728000
91,+32,727000
91,+33,726000
91,+34,725000
91,+35,723000
91,+36,722000
91,+37,720000
91,+38,719000
91,+39,717000
91,+40,715000
91,+41,713000
91,+42,712000
91,+43,710000
91,+44,707000
91,+45,705000
91,+46,703000
91,+47,700000
91,+48,698000
91,+49,695000
91,+50,692000
91,+51,689000
91,+52,687000
91,+53,683000
91,+54,680000
91,+55,677000
91,+56,674000
91,+57,670000
91,+58,666000
91,+59,663000
91,+60,659000
91,+61,655000
91,+62,650000
91,+63,646000
91,+64,639000
91,+65,631000
91,+66,624000
91,+67,616000
91,+68,608000
91,+69,600000
91,+70,592000
91,+71,583000
91,+72,574200
91,+73,565200
91,+74,555800
91,+75,546200
91,+76,536400
91,+77,526400
91,+78,515400
91,+79,504100
91,+80,492500
91,+81,480600
91,+82,455900
91,+83,430800
91,+84,405300
91,+85,379300
91,+86,349100
91,+87,318300
91,+88,286784
91,+89,254812
91,+90,128507
92,0,761000
92,+1,761000
92,+2,761000
92,+3,761000
92,+4,761000
92,+5,761000
92,+6,761000
92,+7,761000
92,+8,761000
92,+9,761000
92,+10,761000
92,+11,761000
92,+12,760000
92,+13,760000
92,+14,760000
92,+15,760000
92,+16,760000
92,+17,759000
92,+18,759000
92,+19,759000
92,+20,758000
92,+21,758000
92,+22,756000
92,+23,756000
92,+24,755000
92,+25,755000
92,+26,754000
92,+27,754000
92,+28,753000
92,+29,751000
92,+30,750000
92,+31,750000
92,+32,749000
92,+33,748000
92,+34,746000
92,+35,745000
92,+36,743000
92,+37,741000
92,+38,740000
92,+39,738000
92,+40,736000
92,+41,735000
92,+42,733000
92,+43,730000
92,+44,729000
92,+45,727000
92,+46,724000
92,+47,722000
92,+48,719000
92,+49,717000
92,+50,714000
92,+51,710000
92,+52,708000
92,+53,704000
92,+54,702000
92,+55,698000
92,+56,695000
92,+57,691000
92,+58,688000
92,+59,684000
92,+60,680000
92,+61,676000
92,+62,672000
92,+63,667000
92,+64,663000
92,+65,655000
92,+66,648000
92,+67,640000
92,+68,632000
92,+69,624000
92,+70,616000
92,+71,607000
92,+72,598000
92,+73,589000
92,+74,580000
92,+75,570300
92,+76,560400
92,+77,550400
92,+78,540200
92,+79,528800
92,+80,517100
92,+81,505100
92,+82,493000
92,+83,467700
92,+84,442000
92,+85,415800
92,+86,389300
92,+87,358200
92,+88,326600
92,+89,294222.6
92,+90,261386.1
92,+91,131816.2
93,0,784000
93,+1,784000
93,+2,782000
93,+3,782000
93,+4,782000
93,+5,782000
93,+6,782000
93,+7,782000
93,+8,782000
93,+9,782000
93,+10,782000
93,+11,782000
93,+12,782000
93,+13,782000
93,+14,781000
93,+15,781000
93,+16,781000
93,+17,781000
93,+18,780000
93,+19,780000
93,+20,780000
93,+21,779000
93,+22,779000
93,+23,777000
93,+24,777000
93,+25,776000
93,+26,776000
93,+27,775000
93,+28,774000
93,+29,774000
93,+30,772000
93,+31,771000
93,+32,770000
93,+33,769000
93,+34,767000
93,+35,766000
93,+36,765000
93,+37,764000
93,+38,761000
93,+39,760000
93,+40,759000
93,+41,756000
93,+42,755000
93,+43,753000
93,+44,750000
93,+45,749000
93,+46,746000
93,+47,744000
93,+48,741000
93,+49,739000
93,+50,735000
93,+51,733000
93,+52,730000
93,+53,727000
93,+54,724000
93,+55,720000
93,+56,717000
93,+57,713000
93,+58,709000
93,+59,705000
93,+60,702000
93,+61,698000
93,+62,694000
93,+63,689000
93,+64,684000
93,+65,679000
93,+66,672000
93,+67,665000
93,+68,657000
93,+69,648000
93,+70,640000
93,+71,632000
93,+72,623000
93,+73,614000
93,+74,604000
93,+75,595000
93,+76,585000
93,+77,574900
93,+78,564600
93,+79,554100
93,+80,542400
93,+81,530500
93,+82,518100
93,+83,505600
93,+84,479800
93,+85,453500
93,+86,426800
93,+87,399500
93,+88,367600
93,+89,335100
93,+90,301836
93,+91,268113
93,+92,135202
94,0,805000
94,+1,805000
94,+2,805000
94,+3,805000
94,+4,805000
94,+5,805000
94,+6,805000
94,+7,805000
94,+8,805000
94,+9,805000
94,+10,805000
94,+11,803000
94,+12,803000
94,+13,803000
94,+14,803000
94,+15,803000
94,+16,803000
94,+17,802000
94,+18,802000
94,+19,802000
94,+20,801000
94,+21,801000
94,+22,800000
94,+23,800000
94,+24,798000
94,+25,798000
94,+26,797000
94,+27,797000
94,+28,796000
94,+29,795000
94,+30,793000
94,+31,793000
94,+32,792000
94,+33,791000
94,+34,790000
94,+35,789000
94,+36,787000
94,+37,785000
94,+38,784000
94,+39,782000
94,+40,780000
94,+41,779000
94,+42,776000
94,+43,775000
94,+44,772000
94,+45,770000
94,+46,769000
94,+47,766000
94,+48,764000
94,+49,761000
94,+50,758000
94,+51,755000
94,+52,753000
94,+53,749000
94,+54,745000
94,+55,743000
94,+56,739000
94,+57,735000
94,+58,733000
94,+59,728000
94,+60,724000
94,+61,720000
94,+62,717000
94,+63,712000
94,+64,707000
94,+65,703000
94,+66,698000
94,+67,689000
94,+68,682000
94,+69,673000
94,+70,666000
94,+71,657000
94,+72,648000
94,+73,639000
94,+74,630000
94,+75,620000
94,+76,610000
94,+77,600000
94,+78,590000
94,+79,579000
94,+80,568300
94,+81,556300
94,+82,544000
94,+83,531400
94,+84,518500
94,+85,492100
94,+86,465200
94,+87,437800
94,+88,409900
94,+89,377200
94,+90,343700
94,+91,309571
94,+92,274945
94,+93,138640.2
